{
  "project_info": {
    "project_number": "150755243575",
    "firebase_url": "https://authentication-e39ab-default-rtdb.firebaseio.com",
    "project_id": "authentication-e39ab",
    "storage_bucket": "authentication-e39ab.appspot.com"
  },
  "client": [
    {
      "client_info": {
        "mobilesdk_app_id": "1:150755243575:android:8c5b30c420e67ca943b1b2",
        "android_client_info": {
          "package_name": "com.example.ktgk"
        }
      },
      "oauth_client": [
        {
          "client_id": "150755243575-f5ccogcdun33vjcmsb28liu93u9bs827.apps.googleusercontent.com",
          "client_type": 3
        }
      ],
      "api_key": [
        {
          "current_key": "AIzaSyAZbYy9Dt-qV1UWBLJCIwdrLOlwQUF82-o"
        }
      ],
      "services": {
        "appinvite_service": {
          "other_platform_oauth_client": [
            {
              "client_id": "150755243575-f5ccogcdun33vjcmsb28liu93u9bs827.apps.googleusercontent.com",
              "client_type": 3
            }
          ]
        }
      }
    },
    {
      "client_info": {
        "mobilesdk_app_id": "1:150755243575:android:7be7c13e0a3aa0c743b1b2",
        "android_client_info": {
          "package_name": "com.example.myapplication"
        }
      },
      "oauth_client": [
        {
          "client_id": "150755243575-f5ccogcdun33vjcmsb28liu93u9bs827.apps.googleusercontent.com",
          "client_type": 3
        }
      ],
      "api_key": [
        {
          "current_key": "AIzaSyAZbYy9Dt-qV1UWBLJCIwdrLOlwQUF82-o"
        }
      ],
      "services": {
        "appinvite_service": {
          "other_platform_oauth_client": [
            {
              "client_id": "150755243575-f5ccogcdun33vjcmsb28liu93u9bs827.apps.googleusercontent.com",
              "client_type": 3
            }
          ]
        }
      }
    }
  ],
  "configuration_version": "1"
}